Total MaxAmp	Split MaxAmp 1	Split MaxAmp 2	Split MaxAmp 3	Split MaxAmp 4	SCO	Centroid	Spread	Flatness	MFCC_0	MFCC_1	MFCC_2	MFCC_3	MFCC_4	MFCC_5	MFCC_6	MFCC_7	MFCC_8	MFCC_9	MFCC_10	MFCC_11	MFCC_12	MFCC_13	MFCC_14	MFCC_15	MFCC_16	MFCC_17	MFCC_18	MFCC_19
63919.864127640954	4968.843753144939	39363.48533271997	44474.84820609173	19298.578680579587	964.9794311668303	2282.223830169992	4279621.557182258	0.005540672880963165	-465.7679138183594	93.50065612792969	-33.284881591796875	10.497479438781738	-39.491127014160156	-1.3040558099746704	-33.613365173339844	1.1867846250534058	-20.443851470947266	1.8196094036102295	-5.778388500213623	2.2982144355773926	3.7511627674102783	3.619310140609741	10.736787796020508	1.9612950086593628	8.124451637268066	-2.86212420463562	5.603196620941162	-4.216538906097412
62299.52347150126	5153.781041420444	37981.15629674152	42211.16678263048	20734.514013411594	1009.3477348638697	2217.9701359261962	4135243.2448729146	0.005489993873554472	-461.6625671386719	95.80667877197266	-30.722843170166016	13.655014038085938	-33.9713134765625	-0.6573078036308289	-31.474130630493164	0.04429704323410988	-18.85276222229004	-1.8302713632583618	-7.216028690338135	1.017335295677185	3.3652992248535156	2.9327335357666016	8.456247329711914	4.233095169067383	8.982300758361816	-1.1954740285873413	6.496905326843262	-2.5784337520599365
107026.20005601455	56468.49895283075	32479.61047882865	42757.40509566951	45022.55087530088	2899.34010996148	1793.4801460915548	3411029.4529475793	0.0035593911757077906	-274.8671875	132.86387634277344	-50.746482849121094	23.550222396850586	-45.718772888183594	9.10973072052002	-40.728416442871094	6.75218391418457	-26.49444580078125	7.105997562408447	-13.794268608093262	9.278801918029785	-4.068609237670898	3.5044684410095215	5.847190856933594	2.1814610958099365	9.370455741882324	4.151442050933838	14.661046028137207	-0.34500062465667725
181921.06650983242	85712.10148608334	90238.19178862337	83437.75087462753	100003.69903209862	3264.438363493239	1868.2476689702573	2876212.669812592	0.0027961661178665985	-219.77427673339844	140.42723083496094	-77.11471557617188	28.7093505859375	-50.09785461425781	2.3576908111572266	-38.55125427246094	6.095303535461426	-26.59617042541504	11.811399459838867	-14.206934928894043	12.917150497436523	-5.871150493621826	7.83079195022583	9.566728591918945	0.8838553428649902	2.1293509006500244	3.1159486770629883	9.916844367980957	-7.129120826721191
54543.18943164745	6400.996131831187	42767.01306802521	32988.35792966856	5737.559060162219	996.9950953319143	1838.3476076348134	3261885.5369430683	0.005279079558056407	-445.46368408203125	121.48887634277344	-48.4285774230957	0.3002704679965973	-35.26564025878906	-4.713014602661133	-27.019145965576172	-2.528007984161377	-16.764175415039062	1.1664499044418335	-6.131393909454346	4.093332290649414	2.7843382358551025	2.212210178375244	7.031712532043457	0.3391912579536438	6.531935214996338	3.131692409515381	6.7996134757995605	-1.5346264839172363
83608.10998969359	42425.063265728175	36244.88030503014	49368.44282672469	36838.5589893604	1956.8924797522855	1607.2665340230774	3307838.6150112622	0.004019072089517445	-301.3793640136719	140.9580535888672	-40.801841735839844	8.331007957458496	-45.038429260253906	3.7925193309783936	-38.054195404052734	5.448790550231934	-24.32290267944336	5.540367126464844	-11.075130462646484	7.318003177642822	0.312073677778244	6.067882061004639	6.289089202880859	3.2611188888549805	8.976584434509277	-1.0197285413742065	6.6458234786987305	-4.836076736450195
72485.22680071303	2315.5497962854015	45381.382589343164	55680.45233139654	4686.899322002557	1027.4788648679298	2230.767047112498	3590485.137760869	0.004932883414519064	-489.741943359375	87.73657989501953	-40.79116439819336	12.153191566467285	-38.714298248291016	2.15629243850708	-33.45313262939453	0.23903778195381165	-18.80091094970703	1.0340073108673096	-6.731874465942383	3.2898733615875244	3.432870388031006	2.090714931488037	9.216906547546387	0.44972485303878784	9.4430513381958	-0.39302346110343933	5.922190189361572	-2.1970860958099365
64915.486628399165	29616.483245834046	29656.53485755399	29585.623364409097	32759.14122381299	1539.0506459735764	3071.4249501627087	4699713.212841578	0.004383287046238204	-260.5462341308594	97.45709228515625	-109.77255249023438	47.94984817504883	-87.16094970703125	37.156551361083984	-67.63873291015625	28.58036994934082	-41.87061309814453	22.820472717285156	-17.620567321777344	14.848151206970215	-0.39540737867355347	5.716067790985107	9.756011962890625	-2.3426363468170166	13.025202751159668	-7.733306884765625	11.468735694885254	-9.978689193725586
48336.27236871489	6358.182307048067	38569.7696341842	26740.341575914466	6508.7274143473005	959.0965299102196	1667.0003192993097	2834693.1675817636	0.0052216534639718225	-439.7024841308594	125.23583984375	-38.36528396606445	0.03115193545818329	-35.257896423339844	-3.22112774848938	-27.3572940826416	-2.6684248447418213	-18.842878341674805	0.5583683848381042	-8.00369930267334	2.7135655879974365	3.6856510639190674	4.744073390960693	7.733409404754639	2.375861883163452	6.686456680297852	-0.05776409059762955	6.498692989349365	-1.6895751953125
56743.27222062703	27894.274967192618	19612.640966234772	34359.50446837752	27823.666226709975	1373.5175030592968	1660.682094583498	3519768.052794899	0.005015137470605294	-361.7571105957031	132.00689697265625	-32.536964416503906	9.347885131835938	-39.023193359375	1.4636329412460327	-34.45885467529297	1.7368245124816895	-23.353042602539062	2.6762027740478516	-10.450900077819824	4.72344446182251	1.7375043630599976	6.186513900756836	7.447154998779297	2.400923252105713	8.93436050415039	-0.5795854926109314	6.24282693862915	-3.796297311782837
62518.11162401353	3062.1645016999682	51284.282007390946	34959.59465767609	5148.133562304497	807.9879730658749	2546.0179208396567	4229056.087528155	0.005699702624076218	-475.4779052734375	86.22876739501953	-28.407197952270508	11.824369430541992	-44.20077896118164	1.4483788013458252	-35.43720245361328	0.6686521768569946	-18.60580062866211	1.1211289167404175	-6.13199520111084	2.778296709060669	3.2674050331115723	2.8860573768615723	8.838656425476074	-0.07696662098169327	10.191737174987793	-1.5741995573043823	6.525367259979248	-2.6545910835266113
48427.67204755947	6027.855614119661	3520.6658789979447	47625.9947484816	4981.131036042811	855.439454170945	1861.0263423249692	3137410.938237492	0.005572422715501521	-483.361572265625	113.45880126953125	-43.68050765991211	-1.0527538061141968	-30.71450424194336	-7.822298049926758	-24.385913848876953	-9.332879066467285	-16.46299934387207	-1.476802945137024	-4.718057155609131	4.562814235687256	3.098888635635376	1.1822571754455566	10.445077896118164	3.7119638919830322	4.14304780960083	1.0797606706619263	5.843220233917236	-1.838219165802002
65322.55920916059	3162.4529633520297	31600.187521195203	56960.24288453662	4523.571591123739	829.227203680519	2545.851679545104	3981953.612981957	0.005502594543438312	-504.94537353515625	61.92805862426758	-27.086727142333984	9.445898056030273	-38.90153503417969	-2.126528263092041	-32.09904479980469	-1.1336445808410645	-17.750864028930664	-0.7306288480758667	-2.7892327308654785	2.422313690185547	5.63889741897583	1.9118998050689697	8.536312103271484	-0.015504095703363419	8.62670612335205	-0.5684316158294678	5.973721981048584	-2.463275194168091
91357.32963203946	54526.34439971968	42836.334377563595	38851.86752236708	43604.63045215952	1898.3383323467674	1798.7679388447914	3649333.6659960547	0.004113302791701837	-299.22540283203125	135.3942108154297	-44.16342544555664	14.471282005310059	-45.007816314697266	5.530061721801758	-38.5567741394043	6.752103328704834	-24.65998649597168	6.305593967437744	-11.646703720092773	6.5783209800720215	-0.6686505079269409	6.08916711807251	6.728037357330322	2.7384822368621826	9.04322338104248	-0.6811482310295105	7.16428804397583	-5.709002494812012
81363.78544377295	28611.647754948935	68309.90065963157	23716.954329889126	22824.787006427072	1729.0525537598128	1739.3753787918704	3438429.7282303073	0.004269961890740727	-358.9381103515625	119.2795181274414	-43.152740478515625	13.809799194335938	-39.49161148071289	3.7556965351104736	-35.14296340942383	4.667664527893066	-22.77056121826172	5.669522285461426	-9.44528579711914	7.148674011230469	0.21259820461273193	5.042324542999268	5.433407306671143	2.054914712905884	7.726527690887451	-0.4743400514125824	6.13597297668457	-4.277091026306152
75864.93139369525	6930.990029792952	66548.81707253405	31951.02564708447	13685.695433701982	1378.3693934586238	1983.808550101166	3706915.392245589	0.004657123022887898	-394.39312744140625	117.00698852539062	-41.55978775024414	8.879457473754883	-37.171051025390625	-1.671220302581787	-32.53850173950195	-1.8205053806304932	-19.545059204101562	1.0948824882507324	-8.097456932067871	4.144454479217529	4.105700969696045	3.9593498706817627	8.404631614685059	1.7627462148666382	8.078573226928711	-0.39030921459198	5.997056484222412	-3.1331558227539062
71158.5328245153	7754.273061975823	64273.25012408118	26761.388111642762	11512.724519414212	1115.3071913906558	2187.936582653973	3948089.647424553	0.005011990473149401	-402.58221435546875	122.1614990234375	-46.61940383911133	9.779823303222656	-42.16572952270508	4.15316104888916	-36.78367614746094	2.2036473751068115	-22.397109985351562	3.5026116371154785	-8.71675968170166	5.611753463745117	2.2970659732818604	3.5102717876434326	7.497015953063965	0.3753700852394104	8.796381950378418	-0.2905982434749603	6.905128002166748	-2.98103404045105
27909.275306585812	1342.6011689958473	18744.10035107917	11796.951870428884	13584.347874750201	471.2972336255909	2328.962396400768	4568827.66916698	0.0083720472321743	-576.2642211914062	69.16061401367188	-21.413576126098633	12.699851989746094	-34.838096618652344	-3.333737850189209	-29.54485321044922	-3.808171272277832	-17.19529151916504	-1.346954584121704	-6.6374311447143555	1.1912219524383545	6.187801837921143	5.5107421875	10.123857498168945	1.9739288091659546	7.9390869140625	-0.13071313500404358	3.1605725288391113	-4.837388515472412
93847.302399478	31969.80957067734	32173.849454701216	62083.992476610925	50618.58081373747	1991.1154111883623	1709.112024073109	3162244.017908919	0.0038742010384082252	-296.3687438964844	139.25770568847656	-58.29383850097656	15.060638427734375	-43.03874969482422	2.0295767784118652	-37.10746765136719	1.4698145389556885	-24.33016014099121	6.493297576904297	-11.753167152404785	10.609990119934082	-0.9158725738525391	3.076589584350586	9.63492488861084	4.223403453826904	3.5807926654815674	0.8682329654693604	9.749625205993652	-4.188885688781738
81138.33576426168	38820.144644756525	38734.75179308736	37342.04228662508	42075.657217162734	4196.5968819222035	1665.0075424015045	3637043.87172375	0.0028663047480843107	-271.3550109863281	143.83523559570312	-39.86397171020508	43.38153839111328	-36.62220001220703	19.191267013549805	-62.93683624267578	-19.67981719970703	-55.511531829833984	25.887794494628906	13.304108619689941	26.543142318725586	-17.2000675201416	9.114277839660645	20.84138298034668	1.2043218612670898	-15.17707633972168	-2.4671218395233154	15.215585708618164	-16.164588928222656
129773.26358104407	73131.9199820475	71615.46896532187	55740.64237263627	55254.6779789711	2749.7937495441292	1697.8024470131465	3205535.1120842216	0.0033078502680231317	-256.2075500488281	143.19393920898438	-55.31303405761719	15.720830917358398	-44.335662841796875	7.839019775390625	-38.45145797729492	4.05129861831665	-26.613704681396484	8.625153541564941	-12.917208671569824	8.951844215393066	-1.6637423038482666	6.798201560974121	7.861689567565918	3.2740020751953125	4.884745121002197	0.20751987397670746	8.667465209960938	-5.500216960906982
129264.10058975962	52696.832088846335	47453.86125102743	64157.85513280777	86359.54126056372	2728.141902784298	1736.6010881356685	3352954.2008992475	0.003373630101090253	-258.4801330566406	142.9529571533203	-53.6689567565918	16.005298614501953	-45.893821716308594	7.328950881958008	-40.244483947753906	6.0197882652282715	-28.00929832458496	8.459085464477539	-13.357710838317871	9.519928932189941	-1.2603627443313599	6.956639289855957	6.094874858856201	3.967296838760376	6.878159999847412	-0.11988422274589539	8.626462936401367	-5.593954086303711
55458.83126137021	4978.008040666025	33961.28566839513	36566.23538778581	18459.585374430895	950.7153800867235	2113.551019007652	4118477.213817803	0.00572586228318807	-469.341552734375	95.02461242675781	-34.94810485839844	9.612060546875	-34.02271270751953	2.0354256629943848	-31.96636199951172	-1.4940075874328613	-20.553495407104492	0.2886877954006195	-3.9865190982818604	1.3498737812042236	2.1457040309906006	3.16133451461792	9.12238597869873	1.770187258720398	9.367535591125488	-1.004152774810791	5.7410664558410645	-1.6668866872787476
61130.21045482306	2920.9719681190277	32452.059601495414	51216.91343265196	3962.2359820504066	774.9207455284709	2430.950953139191	3673446.56920712	0.005534806642207348	-537.8325805664062	72.13484954833984	-36.21456527709961	8.452627182006836	-39.39755630493164	3.309199333190918	-32.65748977661133	1.036043405532837	-17.89470100402832	2.8448615074157715	-6.469490051269531	1.5382235050201416	5.1608686447143555	1.1030967235565186	10.205527305603027	0.7558310627937317	9.258248329162598	-1.4795441627502441	4.589294910430908	-2.857119083404541
90131.05218547139	5033.181916138662	69097.95574208688	56725.39983954527	6802.056537015628	1047.5588137571808	2671.4113272348814	4204910.45630583	0.004780074952311633	-453.2783508300781	88.4834213256836	-33.672916412353516	14.200282096862793	-44.37116241455078	4.113885879516602	-39.78544616699219	2.9232308864593506	-22.650157928466797	1.3611189126968384	-6.133764266967773	3.0096936225891113	5.131436824798584	3.5610334873199463	9.992286682128906	0.855191171169281	9.949506759643555	-1.798730492591858	6.3140869140625	-4.161205768585205
84837.32828985457	40503.45627963094	41752.14316158115	39557.900646286806	43667.98205559547	4207.793753107026	1848.2257295041684	4017778.65712584	0.0030566201224435123	-243.9024658203125	137.30003356933594	-46.63619613647461	31.592971801757812	-40.56120681762695	28.899986267089844	-28.005809783935547	26.044178009033203	-29.47637939453125	-3.742236375808716	-44.2845573425293	-5.567490100860596	-2.3478806018829346	29.611845016479492	12.45677661895752	-2.9638772010803223	2.1267716884613037	12.257259368896484	19.66477394104004	-13.640357971191406
34081.8077817941	2213.4650048003828	19420.596245445307	27983.07754954674	1782.587958801738	723.622454640638	1654.5225354521679	2907457.5276979217	0.006322101974892726	-538.2196044921875	109.37451171875	-27.43630599975586	-4.07884407043457	-25.75330352783203	-8.386266708374023	-25.281435012817383	-5.923012733459473	-15.215414047241211	-2.686910629272461	-3.494309425354004	1.9470560550689697	3.6766178607940674	3.3176658153533936	6.67194128036499	2.7253570556640625	6.807831764221191	1.2276086807250977	4.746262550354004	-1.4386985301971436
59808.391933915766	37222.161533566745	21833.822733134508	21645.90384532278	34732.29313719518	1358.2659374344007	1621.8670654117243	3230245.9616818735	0.004740634544100474	-342.4904479980469	136.68118286132812	-47.38258361816406	12.48068618774414	-39.97490692138672	2.137078285217285	-35.60667037963867	4.1529221534729	-24.551267623901367	5.364789009094238	-10.607889175415039	7.210082054138184	-0.6844280958175659	5.694568634033203	5.483664035797119	3.3574483394622803	8.217574119567871	0.6377696394920349	7.479902744293213	-4.6799540519714355
140279.99205470932	55357.00223154697	65326.58195403923	75643.1420127675	73249.33091369562	2225.6526038246743	2107.755644544257	3330225.2408041647	0.003426656035315954	-250.47328186035156	119.92976379394531	-76.66740417480469	28.50615882873535	-53.74445343017578	10.019457817077637	-36.75703430175781	0.5420694947242737	-27.0756778717041	9.629440307617188	-11.28122329711914	10.017441749572754	-1.8909348249435425	2.01702880859375	13.440537452697754	2.623518228530884	1.7456045150756836	0.9593710899353027	11.501296997070312	-6.010341167449951
75590.27931278317	48607.99538373732	23561.546385566016	41385.857259592754	32267.507943949026	1692.8606544885554	1737.3188450655334	3545548.8736558943	0.004432525606016019	-327.9164123535156	129.6346435546875	-38.721805572509766	9.271337509155273	-41.527099609375	2.565474271774292	-35.89906692504883	2.880633592605591	-23.833175659179688	3.347137689590454	-9.384187698364258	5.206310272216797	1.4079729318618774	6.00848913192749	7.6214399337768555	2.5218513011932373	8.768340110778809	-0.8706666231155396	6.303168296813965	-4.621020793914795
65542.36811807028	23020.308381817296	32690.563694354652	16098.361416444966	49065.99142451842	1332.84703750443	1887.906878477791	3818827.024266719	0.004947775864902854	-341.6867980957031	125.08550262451172	-52.12980651855469	13.589259147644043	-39.05179214477539	4.782563209533691	-38.471065521240234	4.859483242034912	-23.805419921875	3.2780072689056396	-11.097114562988281	6.004369735717773	1.0659408569335938	5.687137603759766	7.605890274047852	1.5111191272735596	8.77944564819336	-1.2398707866668701	7.63922643661499	-5.06475305557251
56591.925670648	5433.793449950216	49127.35676833284	21832.54980954158	13035.108861230525	1065.2303310139462	2021.0748390270023	3879251.993373799	0.005518227383899117	-445.83697509765625	111.89612579345703	-23.134971618652344	9.506148338317871	-37.2430534362793	-3.2702484130859375	-25.337255477905273	-2.280147075653076	-21.312908172607422	-0.21232891082763672	-7.305618762969971	2.868532419204712	2.523977041244507	3.9095799922943115	7.485001087188721	1.8735789060592651	9.37134838104248	-0.23394331336021423	5.403867244720459	-1.7625566720962524
116163.46234809129	77544.00107628839	38585.11269305876	53386.19095533684	51183.48098841753	2351.845917133782	1867.6626453735885	3697872.4566902863	0.0036995684328460002	-293.8131408691406	137.99607849121094	-49.378570556640625	17.576316833496094	-44.76496124267578	6.667866230010986	-39.596431732177734	6.964493751525879	-27.042400360107422	7.054184436798096	-12.54914665222168	9.77053165435791	-1.5866049528121948	6.948014259338379	5.18997049331665	3.1960372924804688	8.15510082244873	-0.7266291975975037	7.265944004058838	-5.556949138641357
158053.79542408322	71067.15485451561	78368.84144884841	74433.10307039302	86345.47907638237	1874.1566046348426	2610.610745549537	3605602.907162882	0.0034580290137855817	-243.12965393066406	112.50005340576172	-94.46466827392578	45.5562744140625	-67.9883041381836	22.439252853393555	-45.94044876098633	11.679573059082031	-33.705726623535156	18.902912139892578	-16.7584285736084	12.544543266296387	-6.696247100830078	5.7109832763671875	14.031590461730957	-2.913827896118164	2.5763840675354004	1.168326735496521	13.387483596801758	-7.927151203155518
76412.42044329453	6329.3000448770745	69396.12228863976	28089.98067763331	11557.075150420533	1256.2052783100462	2098.132246608989	3792125.9769213223	0.004808714837442869	-402.58319091796875	117.97650909423828	-44.623294830322266	15.605400085449219	-36.94477844238281	5.27977991104126	-35.300052642822266	0.4823373258113861	-23.50465965270996	2.834489345550537	-9.70533561706543	4.693180561065674	3.2289960384368896	3.0735232830047607	7.097751140594482	1.564640760421753	8.948702812194824	0.5563499331474304	7.479764461517334	-3.342890739440918
60564.75201699842	45107.184599564986	29792.048835417216	12482.813731848782	22130.170957016504	1315.8385881520235	1802.8638308113023	3873117.4013288147	0.00508361814293422	-377.9320068359375	118.45738220214844	-41.337005615234375	10.726449012756348	-43.729488372802734	1.3694612979888916	-35.72892761230469	4.457146644592285	-23.817298889160156	3.2145049571990967	-9.237735748291016	4.891500949859619	2.920441150665283	5.143501281738281	8.680523872375488	1.1316479444503784	9.64846134185791	-1.8231265544891357	7.324682235717773	-4.716020584106445
160971.9112872945	51126.63861487197	53776.0360565077	76821.70376913752	117508.06869749213	3065.1320813853813	1933.2151188202718	3748005.2938480056	0.003192343379043276	-247.03192138671875	139.73011779785156	-49.81661605834961	18.69869041442871	-46.855873107910156	7.477678298950195	-41.76127243041992	7.920098304748535	-27.736608505249023	8.587939262390137	-12.3367338180542	8.568675994873047	-0.7983877062797546	7.376335620880127	5.537034511566162	2.88010311126709	8.319628715515137	-1.5578714609146118	7.847038745880127	-4.982057094573975
61438.554387444085	32347.858968589	20846.37470122261	26223.903802820143	39757.070635799384	1386.9429122462527	1658.2588413850299	3244693.5870276284	0.004739279048115469	-335.69927978515625	137.5048065185547	-44.893287658691406	11.571993827819824	-42.6190299987793	2.396108865737915	-37.96614456176758	3.6000823974609375	-24.11022186279297	6.276866912841797	-10.715933799743652	6.971080303192139	0.1474529206752777	6.315685272216797	6.166294097900391	2.883141040802002	8.153626441955566	-1.0490262508392334	7.403517723083496	-4.481578826904297
79542.73368878242	37765.653029542074	36821.99475049043	38013.62316027352	40799.76179129492	4062.8650045967247	1671.5233030186225	3658728.557796327	0.0028857124204878528	-275.7629699707031	144.5714111328125	-38.12651824951172	45.06454086303711	-39.5609245300293	10.026667594909668	-72.6654052734375	-19.927610397338867	-42.27834701538086	42.14960861206055	9.504508018493652	12.364837646484375	-18.05829429626465	22.10466957092285	12.672780990600586	-15.810733795166016	-6.432037830352783	11.333747863769531	8.724370956420898	-11.81910228729248
78629.39635377597	4896.988961608605	62373.38597152701	45502.922818811254	4984.054456850342	1335.8384492482019	2040.0672722241347	3784005.88214302	0.004649883275175481	-523.4286499023438	78.13711547851562	-23.243553161621094	5.212873458862305	-39.98738098144531	-5.9339280128479	-27.323863983154297	-3.7956950664520264	-12.951969146728516	0.9189543724060059	-4.847288608551025	1.3466849327087402	4.301746368408203	4.7261810302734375	8.363441467285156	1.62336003780365	5.338460445404053	2.349578857421875	4.000199317932129	-6.372292995452881
31974.816251641543	12952.646739946396	22566.526631496003	11489.638877080122	13045.01180079912	802.8986297487112	1711.3188749046817	3624250.59682047	0.006729758584406208	-415.2977294921875	122.55770111083984	-33.90436553955078	7.080357074737549	-37.889923095703125	-0.3255930244922638	-33.54787826538086	1.0146015882492065	-19.970731735229492	1.7459512948989868	-6.947086811065674	3.0295941829681396	1.853870153427124	3.900958299636841	8.338582038879395	1.9404666423797607	9.486517906188965	-0.7030359506607056	7.375452518463135	-3.0948657989501953
70874.24955180772	25235.362090462462	46469.61893423208	40454.379943840955	23203.900517522634	1505.5906514746048	1730.019138814511	3338889.9320391547	0.00452221703374062	-332.25250244140625	138.14453125	-45.02143478393555	18.128746032714844	-46.22010040283203	2.644651412963867	-39.13673782348633	5.361044883728027	-24.176712036132812	6.154491424560547	-13.16387939453125	8.76720142364502	0.07308418303728104	7.400942802429199	6.628478527069092	3.4369261264801025	5.9665679931640625	-1.1614205837249756	8.036495208740234	-4.944368839263916
43448.004949462855	17303.32751311078	35114.05858852583	16856.90333837799	4482.590055418045	942.1720954322701	1709.5962771549025	3331473.39106595	0.005758637074923653	-465.8924560546875	125.6386489868164	-23.721858978271484	3.4606287479400635	-33.7327880859375	-5.873032093048096	-29.1539363861084	-3.594291925430298	-18.510713577270508	-0.6328237056732178	-7.005582809448242	3.905200242996216	2.757835626602173	4.904238700866699	6.968285083770752	3.2630627155303955	7.4079108238220215	0.6384086608886719	5.848196029663086	-2.9597067832946777
118280.20423831625	83195.29774121451	37438.29496121428	51232.725210257115	50282.45352946189	2259.652192224998	1930.76493199592	3698395.1502041277	0.003715698611802318	-287.74163818359375	136.2771453857422	-49.00926208496094	17.289306640625	-45.381378173828125	7.063544750213623	-38.52213668823242	4.382537841796875	-26.237802505493164	6.232584476470947	-12.149764060974121	9.855361938476562	-2.6505837440490723	5.686827659606934	6.5983452796936035	2.4740161895751953	7.9990234375	-0.2389461249113083	8.576042175292969	-4.033878803253174
67757.1757882443	32370.72309416394	31847.21683308661	30470.541165035535	35050.500746597325	3367.8277154568714	2050.5100784315337	3492164.27836785	0.0033125375506379284	-285.6408386230469	109.43804931640625	-83.39494323730469	19.408451080322266	-71.48621368408203	12.594223976135254	-43.34172821044922	26.219436645507812	-18.397329330444336	36.59019088745117	8.650228500366211	21.500215530395508	-10.551392555236816	-22.33107566833496	-30.55611801147461	-11.523584365844727	22.895755767822266	19.72783851623535	12.45236873626709	-21.669721603393555
54582.36356124805	18365.15642676837	13587.850047662592	42868.7462459756	23024.94894633466	1129.7262029801807	1826.5397956930042	3679262.690682095	0.005358811687040706	-374.76824951171875	132.0167999267578	-41.32534408569336	9.694121360778809	-38.72237777709961	-0.04229716956615448	-34.23359680175781	1.3999972343444824	-21.617172241210938	3.6719675064086914	-8.929858207702637	5.522698879241943	1.1184217929840088	5.6417975425720215	6.3456339836120605	2.9816553592681885	8.578591346740723	-0.7488802075386047	6.258479595184326	-4.346415996551514
61441.82414319078	13313.095041654653	48592.11173115263	27662.858459394378	20085.147011650017	1292.8075938756374	1639.0951033606834	3034255.553393436	0.0046503723875631585	-355.737060546875	142.7028350830078	-42.878726959228516	12.023295402526855	-43.2181510925293	4.6994829177856445	-39.21357345581055	5.594944000244141	-25.783199310302734	6.520062446594238	-11.387361526489258	8.326894760131836	-1.0903717279434204	6.976156711578369	5.55805778503418	4.034032344818115	7.985990047454834	-0.8751582503318787	7.56109094619751	-5.033096790313721
66679.9046438293	3092.060763581917	48490.97132779138	44933.30484932766	3573.302603864026	745.9758241193271	2781.726194922681	4372517.029202025	0.005618678270984303	-514.4449462890625	65.9341049194336	-32.340087890625	9.630514144897461	-41.12406539916992	0.8962900042533875	-38.28854751586914	2.5665502548217773	-20.37633514404297	0.882266104221344	-4.455413341522217	3.5471081733703613	4.549501419067383	2.61356782913208	9.543659210205078	0.40563908219337463	9.522762298583984	-1.841400384902954	7.245080471038818	-3.805590867996216
85860.4739624635	28397.490431039714	27264.999339333066	57658.65508689294	47040.24535170122	1829.3194769499505	1705.4179683854745	3246542.3576118853	0.004066894311144776	-308.2012939453125	139.0579833984375	-55.20596694946289	12.660663604736328	-42.43639373779297	3.9316418170928955	-37.35095977783203	0.2441820204257965	-25.965946197509766	7.926376819610596	-11.352413177490234	9.813196182250977	-1.0926390886306763	4.5780158042907715	9.655009269714355	4.3208746910095215	4.694381237030029	0.74017333984375	8.48067569732666	-5.6701226234436035
112132.10377584297	44101.36996023897	37270.64796584111	73963.41740291726	59088.963733537064	2393.8569188219008	1815.733520628779	3741680.9921924276	0.0037338319088570516	-283.6356506347656	135.37742614746094	-48.988094329833984	21.777875900268555	-44.72751998901367	6.8206467628479	-38.17930603027344	6.13071870803833	-26.248388290405273	6.4614362716674805	-12.736390113830566	9.643322944641113	-1.0573419332504272	6.486016273498535	5.395050048828125	2.1523752212524414	8.21463394165039	-0.4704524278640747	7.195269584655762	-5.269739151000977
66597.29601662327	6585.387454796579	52026.67708529418	39580.21351663828	10035.885077361778	854.2193183089788	2473.170229488577	4046621.90866389	0.005448957840474334	-408.37066650390625	109.76761627197266	-53.25106430053711	18.600290298461914	-47.88166046142578	11.270657539367676	-40.90805435180664	4.887880325317383	-25.897750854492188	6.869296073913574	-10.389472007751465	4.77477502822876	3.3635926246643066	2.759831190109253	8.083028793334961	1.3695764541625977	9.50788402557373	-1.0767242908477783	8.073517799377441	-5.333628177642822
54912.79846253654	38913.55976438343	25992.630718039614	18532.755688290825	13414.516735043775	993.5894642538668	2157.4213837668317	4741343.418589961	0.005743398914994254	-377.5105895996094	124.13639831542969	-40.67698287963867	10.915801048278809	-41.96199035644531	-0.2136821448802948	-37.291114807128906	2.556697368621826	-22.95620346069336	3.598785638809204	-9.006001472473145	6.513482093811035	2.656399965286255	4.401391506195068	7.77050256729126	1.669551134109497	7.939440727233887	-0.8734397888183594	6.651939392089844	-3.869218349456787
43273.637321965616	3907.4629040295144	31392.576791448213	27436.37989765259	7975.834728503283	753.4071808520451	2047.2023163395352	3786418.562595166	0.0062794567204401824	-442.5685729980469	112.91094207763672	-41.873863220214844	8.314448356628418	-35.251338958740234	-0.6694374680519104	-32.56449890136719	-1.362426996231079	-20.75855827331543	1.4361385107040405	-7.0239481925964355	3.5167810916900635	4.314442157745361	3.0234758853912354	8.739433288574219	1.6977893114089966	8.314846992492676	0.020216437056660652	6.003085136413574	-2.529621124267578
73980.26878350064	42501.803260583874	27219.816052475016	40121.483558037726	36181.75637234268	1752.36834876827	1620.3468339528597	3475483.2929939213	0.004289029430672324	-314.4105224609375	145.61248779296875	-40.61386489868164	10.528923988342285	-48.13648223876953	6.20247745513916	-38.08341979980469	6.797111511230469	-26.410690307617188	8.635273933410645	-12.702735900878906	8.81317138671875	-2.067751407623291	8.409817695617676	5.246582984924316	2.8864572048187256	7.340702056884766	-0.6429522037506104	7.596388816833496	-5.232388496398926
64008.13121228554	5117.563791419716	56003.35682207432	28827.786849190892	5082.57144877724	909.075045385874	2327.675277404847	3900619.067046053	0.005429865906864633	-470.15948486328125	106.71890258789062	-36.12406921386719	7.2539591789245605	-39.85259246826172	-1.299063801765442	-34.56699752807617	-1.6943697929382324	-20.340145111083984	1.2092704772949219	-6.720692157745361	3.097489356994629	3.7421669960021973	3.595532178878784	8.572976112365723	1.883692979812622	9.664597511291504	-0.06609217822551727	5.980975151062012	-3.7256808280944824
92251.56500578116	31869.703615081187	77272.9288898394	28857.488637953298	26020.982147205686	1990.1957915703813	1773.390473301442	3680873.241690526	0.004026926565576798	-351.6776123046875	123.92962646484375	-41.05149841308594	15.745201110839844	-40.20795440673828	5.602762699127197	-36.674598693847656	6.778040409088135	-23.83794593811035	7.214944839477539	-11.822765350341797	8.65307331085205	-0.8542935252189636	6.274577617645264	4.609991550445557	3.258802652359009	6.724075794219971	-1.085300087928772	6.794046401977539	-4.465532302856445
40480.385234797286	9859.967704002434	10485.513977817513	10358.522246683386	30903.72069622478	1114.931102686149	1961.772737824056	3402190.9098955165	0.005873425259643966	-379.1739501953125	99.34466552734375	-69.1829605102539	9.75163459777832	-59.33818817138672	2.7861742973327637	-33.71603012084961	15.929880142211914	-12.771451950073242	26.033891677856445	11.766792297363281	15.76394271850586	-6.115758419036865	-22.68604850769043	-23.994834899902344	-10.297683715820312	21.31818199157715	17.407920837402344	11.25376033782959	-17.518415451049805
70599.43178621285	34321.225862226376	15932.09812395753	30997.352636456766	50465.94688177191	1511.8140797622907	1870.2298088181662	3899395.186068655	0.004744548815698644	-341.9784851074219	121.78636169433594	-43.705806732177734	12.504570960998535	-42.60285568237305	5.168072700500488	-37.897789001464844	5.002013683319092	-23.60211181640625	2.6977813243865967	-10.50570297241211	4.954743385314941	0.9977207183837891	5.057940483093262	8.66293716430664	1.9062694311141968	9.884880065917969	-2.094550132751465	6.9490647315979	-4.077540397644043
124710.35030181601	20142.895084826763	68066.38951803134	89740.78707338701	44751.707757884804	1638.6608605698354	2465.861071471063	4265017.370934648	0.003964389975975737	-294.36151123046875	129.12083435058594	-70.69219207763672	15.708791732788086	-49.724517822265625	14.03345012664795	-40.80324935913086	9.570133209228516	-29.03251838684082	9.33345890045166	-12.377046585083008	7.959662437438965	-0.09551479667425156	4.52373743057251	7.222942352294922	1.783817172050476	7.841342926025391	-2.0305256843566895	8.475674629211426	-4.888117790222168
41051.05068408573	31555.96576407221	10132.299598182595	16861.704623492533	15626.414334369501	915.0431019682334	1830.1024457408844	3672157.395132813	0.006185807637672509	-404.3480224609375	128.1721954345703	-31.926279067993164	5.499606132507324	-34.276710510253906	-1.479392647743225	-30.538347244262695	-2.4143922328948975	-20.438676834106445	1.177365779876709	-7.970396995544434	5.10950231552124	2.706122398376465	4.5568013191223145	6.556647777557373	3.3472683429718018	7.4844231605529785	0.23242957890033722	6.177522659301758	-2.92226505279541
48959.612878595	3329.214047158021	44959.09477840381	18084.928580603457	4054.7058422066407	801.3292307384228	2054.2546971128895	3398102.315469812	0.005703491128820445	-498.695068359375	107.86148834228516	-33.412960052490234	-0.7309428453445435	-30.24627685546875	-6.641687870025635	-25.977632522583008	-5.948192596435547	-16.34818458557129	-2.266627550125122	-5.104193687438965	2.5903825759887695	5.03816556930542	2.654334306716919	7.716911792755127	3.415627956390381	7.034276008605957	0.8797082304954529	5.104051113128662	-1.3726985454559326
64914.87960229296	29599.605005558056	29633.11790980048	29673.024013481892	32659.971805081146	1540.0929178542501	3073.1251526811907	4699532.210545862	0.004401785555608433	-260.8901062011719	97.14013671875	-110.33755493164062	47.5836181640625	-87.58692169189453	36.9514274597168	-67.73966217041016	28.52512550354004	-41.761905670166016	22.78891944885254	-17.44873046875	14.747763633728027	-0.2575724422931671	5.581444263458252	9.91714859008789	-2.3807520866394043	13.213994979858398	-7.699978351593018	11.561824798583984	-9.974678993225098
67126.61427352783	30952.67031915077	32615.808594576913	34247.241333084676	35829.0282432705	1429.6686146733025	1816.3692053969899	3639568.973105371	0.004809346266361312	-320.9739990234375	132.29598999023438	-47.08329391479492	17.25547981262207	-40.45914077758789	8.088573455810547	-39.97087097167969	0.8299369812011719	-28.344253540039062	4.747437477111816	-10.127071380615234	8.918804168701172	1.803194284439087	5.218492031097412	5.683857440948486	2.619391441345215	8.280599594116211	-0.05184541642665863	7.034702777862549	-4.208948612213135
78229.65072851896	7466.095643594235	49115.592279643024	52635.90341385294	24215.466690867248	1271.1572075336896	2184.8324442065386	4157039.977455979	0.0048694988777497035	-411.3869323730469	104.14640045166016	-44.272132873535156	12.693885803222656	-43.83781051635742	0.5379900932312012	-37.1354866027832	2.2852046489715576	-22.049015045166016	4.3104400634765625	-7.6205525398254395	3.4340898990631104	3.1683809757232666	3.546015501022339	9.337174415588379	0.6152668595314026	9.938579559326172	-0.4544568955898285	6.672988414764404	-5.764063835144043
79127.86669212485	5994.038493687821	67351.19373755454	39171.08504026277	9041.636537616447	967.4036876190532	2624.175446949763	4389660.596322205	0.00510939612383209	-415.7952575683594	99.57537841796875	-38.35731506347656	15.714125633239746	-45.139102935791016	4.409533500671387	-39.833457946777344	5.493599891662598	-22.81662368774414	3.2368545532226562	-7.81426477432251	3.788738965988159	4.763454437255859	2.690539598464966	9.298198699951172	0.6080927848815918	9.756057739257812	-2.4326629638671875	6.730522632598877	-4.512132167816162
99988.47901271937	47862.121349527675	49286.52501315027	49926.440757107994	52755.03067814368	2089.586787520822	1837.0107610196603	3736324.6036361074	0.003962841868648076	-277.3114929199219	134.10867309570312	-47.781158447265625	16.57956886291504	-46.66049575805664	6.748489856719971	-41.62583923339844	6.230457305908203	-26.58512306213379	7.251367092132568	-11.444497108459473	8.127180099487305	-0.4152078330516815	5.8556928634643555	6.055011749267578	2.9030649662017822	8.730037689208984	-1.1896753311157227	7.615262985229492	-5.027223587036133
75579.88590768537	20478.73425226712	18979.23836006721	31820.326208311046	52564.40795263163	2198.6047256106035	1800.0467380823984	3437865.8832636015	0.004031081887208953	-322.18670654296875	147.83824157714844	-54.315067291259766	15.562386512756348	-51.7795295715332	11.628162384033203	-43.23611068725586	9.765454292297363	-29.92182159423828	8.664384841918945	-13.820516586303711	13.818572044372559	-2.149888038635254	8.641301155090332	3.5109143257141113	2.8052303791046143	6.491180419921875	-2.026965379714966	10.35460090637207	-4.954116344451904
66752.67153116541	23719.093500146846	53227.905742542694	15795.403756402977	24885.18984767927	1464.1740492591039	1604.2999532208219	2846171.2295693527	0.004359386233498001	-372.8661804199219	114.83518981933594	-51.99577713012695	12.808317184448242	-35.547760009765625	-0.9577394723892212	-26.828001022338867	-3.7044265270233154	-19.380573272705078	6.530063629150391	-7.962310791015625	7.226017475128174	-0.7067882418632507	2.2808425426483154	8.970558166503906	2.1979503631591797	2.5269036293029785	1.8414106369018555	8.6978178024292	-5.077609539031982
69852.53703698676	22459.030666886054	46469.61893423208	40454.379943840955	23203.900517522634	1489.0082874239542	1724.3744477373618	3348186.3060568147	0.0045594838618040435	-334.3879089355469	138.83631896972656	-44.03437423706055	17.50998878479004	-45.60888671875	3.4342446327209473	-38.903968811035156	5.480521202087402	-23.9564208984375	6.020850658416748	-12.885811805725098	8.25269603729248	0.24128706753253937	7.502657413482666	6.534168720245361	3.4551336765289307	6.276090621948242	-1.2865524291992188	8.014899253845215	-4.79249382019043
69558.44362288085	23125.105087660017	46452.40844433399	39321.71622047288	23203.900517522634	1492.0966551250863	1716.6028718005598	3314192.6477547563	0.004549643349590803	-335.9146423339844	137.94760131835938	-42.9841194152832	19.112165451049805	-47.53412628173828	0.35612887144088745	-37.96670150756836	6.850999355316162	-23.70992660522461	4.077780723571777	-13.72115707397461	10.43333911895752	1.0122803449630737	7.059413433074951	5.030940055847168	4.05138635635376	6.679818153381348	-0.8357734680175781	7.560063362121582	-5.738805294036865
70130.49567277599	6245.934781977386	64447.93583101955	23529.44160793185	11576.169861051767	1175.5412060300066	2111.0825534789888	3942188.860689017	0.005015841730321376	-408.9067687988281	117.30107116699219	-41.8261604309082	12.422404289245605	-42.6556510925293	2.9551470279693604	-35.8947639465332	2.692554235458374	-21.680986404418945	3.0727152824401855	-8.169424057006836	4.079353332519531	2.1780526638031006	3.9025256633758545	8.372602462768555	2.384876012802124	8.874408721923828	-1.3623559474945068	6.720429420471191	-3.5346310138702393
51971.448459429535	2913.6715317044445	47575.21405566881	18129.92417457079	5731.11660782695	1068.2995682620412	1675.2236147018493	2854926.1972859753	0.005101704590230362	-476.4551696777344	108.26752471923828	-31.766040802001953	4.502272605895996	-33.6483039855957	-4.948624134063721	-28.287147521972656	-5.306900978088379	-16.375961303710938	-1.7099812030792236	-5.61403226852417	2.038939952850342	3.843296766281128	3.2552990913391113	8.093673706054688	2.370631217956543	7.628828525543213	1.249956727027893	5.027170181274414	-1.8629088401794434
82698.0027676113	39745.68893612082	39200.94116000272	38684.1683258712	42541.26154212311	4230.9188929804795	1830.619389921148	3651320.778946937	0.0029994114627233484	-255.2470703125	129.462646484375	-62.01900863647461	29.956912994384766	-55.9415168762207	17.931407928466797	-47.997161865234375	12.61931324005127	-34.00477600097656	9.097288131713867	-24.467954635620117	6.185392379760742	-5.740026950836182	15.184054374694824	21.761180877685547	23.549802780151367	21.842763900756836	-1.255635380744934	-10.139039039611816	-35.57863235473633
54926.61469478773	26300.254728784774	20789.238354341913	31840.16673061097	29266.620088287415	1335.0167402020463	1679.0230251158528	3676817.2984566092	0.005148799013172697	-371.2930908203125	126.47733306884766	-33.69622039794922	8.84155559539795	-39.03219985961914	0.2961924374103546	-34.34406280517578	1.591048240661621	-22.071096420288086	1.9825773239135742	-8.934134483337402	4.581504821777344	1.8409301042556763	5.308798789978027	7.665713310241699	2.1351964473724365	9.270703315734863	-0.7165467143058777	6.596323490142822	-3.720160484313965
